{"cameraMode":{"drawMode":0,"name":"Shaded","section":"Shading Mode"},"sceneLighting":true,"audioPlay":false,"sceneViewState":{"m_AlwaysRefresh":false,"showFog":true,"showSkybox":true,"showFlares":true,"showImageEffects":true,"showParticleSystems":true,"showVisualEffectGraphs":true,"m_FxEnabled":false},"in2DMode":false,"pivot":{"x":-3.2048499584198,"y":0.10972118377685547,"z":-0.7346601486206055},"rotation":{"x":-0.4473586678504944,"y":-0.0008072656346485019,"z":0.00040324387373402715,"w":-0.8943552374839783},"size":6.757512092590332,"orthographic":false}