{"cameraMode":{"drawMode":0,"name":"Shaded","section":"Shading Mode"},"sceneLighting":false,"audioPlay":false,"sceneViewState":{"m_AlwaysRefresh":false,"showFog":true,"showSkybox":false,"showFlares":true,"showImageEffects":true,"showParticleSystems":true,"showVisualEffectGraphs":true,"m_FxEnabled":true},"in2DMode":false,"pivot":{"x":6.145138263702393,"y":4.991450786590576,"z":3.103271961212158},"rotation":{"x":0.0004000469925813377,"y":0.9986534714698792,"z":-0.051285479217767718,"w":0.007790527306497097},"size":1.0428723096847535,"orthographic":false}