{"cameraMode":{"drawMode":0,"name":"Shaded","section":"Shading Mode"},"sceneLighting":false,"audioPlay":false,"sceneViewState":{"m_AlwaysRefresh":false,"showFog":true,"showSkybox":false,"showFlares":true,"showImageEffects":true,"showParticleSystems":true,"showVisualEffectGraphs":true,"m_FxEnabled":false},"in2DMode":false,"pivot":{"x":-11.149999618530274,"y":0.6973299980163574,"z":1.3608510494232178},"rotation":{"x":-0.12379049509763718,"y":0.23633965849876405,"z":-0.030372178182005883,"w":-0.9632752537727356},"size":1.7538738250732422,"orthographic":false}